id,status,address,address_google,location_type,pnt
1,OK,"Av. Dona Belmira Marin, 3998 - Grajaú","Av. Dona Belmira Marin, 3998 - Parque Brasil, São Paulo - SP, 04846-010, Brazil",RANGE_INTERPOLATED,"c(-46.6778121, -23.755269)"
2,OK,"Av. Dona Belmira Marin, 3700 - Grajaú","Av. Dona Belmira Marin, 3700 - Parque Brasil, São Paulo - SP, 04846-010, Brazil",ROOFTOP,"c(-46.6807585, -23.7539671)"
3,OK,"Av. Dona Belmira Marin, 3700 - Grajaú","Av. Dona Belmira Marin, 3700 - Parque Brasil, São Paulo - SP, 04846-010, Brazil",ROOFTOP,"c(-46.6807585, -23.7539671)"
4,OK,"R. Francisco Nogueira, nº 100 - Jd. Jaqueline","R. Francisco Nogueira, 100 - Jardim Jaqueline, São Paulo - SP, 05529-100, Brazil",RANGE_INTERPOLATED,"c(-46.7526346, -23.5934958)"
5,OK,"R. Inácia Coutinho Patríci, 124 - V. Brasilândia","R. Nícia Coutinho Patrício, 124 - Vila Penteado, São Paulo - SP, 02866-000, Brazil",ROOFTOP,"c(-46.6828579, -23.465836)"
6,OK,"Av. Dep. Cantídio Sampaio, 1633 - V. Brasilândia","Av. Deputado Cantidio Sampaio, 1633 - Vila Souza, São Paulo - SP, 02860-001, Brazil",ROOFTOP,"c(-46.6802252, -23.4641044)"
7,OK,"Estr. Dom João Nery, 2.200 - Vila Curuçá","Estrada Dom João Nery - Vila Curuca, São Paulo - SP, Brazil",GEOMETRIC_CENTER,"c(-46.4017236, -23.5119693)"
8,OK,"R. Teodoro de Assis, S/Nº - Jd. Nazaré","R. Teodoro de Assis, 159 - Jardim Rosina, São Paulo - SP, 08151-210, Brazil",ROOFTOP,"c(-46.4036484, -23.5195741)"
9,OK,"Av. Dom Rodrigo Sanches, 304 - Pq. Do Engenho","Av. Dom Rodrigo Sanches, 700 - Jardim Irapiranga, São Paulo - SP, 05892-360, Brazil",ROOFTOP,"c(-46.7862551, -23.6611996)"
10,OK,"R. Alfredo Lorenz, 296 - Pq. Do Engenho","R. Alfredo Lorenz, 296 - Parque Ligia, São Paulo - SP, 05857-490, Brazil",RANGE_INTERPOLATED,"c(-46.7823912, -23.6583331)"
11,OK,"R. Arbela, 321 - Cid. A E Carvalho","R. Arbela, 321 - Cidade Antônio Estêvão de Carvalho, São Paulo - SP, 08223, Brazil",RANGE_INTERPOLATED,"c(-46.4699893, -23.5257067)"
12,OK,"R. Teodoro de Assis, 30 - Itaim Paulista","R. Teodoro de Assis, 30 - Jardim Rosina, São Paulo - SP, 08151-210, Brazil",ROOFTOP,"c(-46.4039744, -23.5206957)"
13,OK,"Av. João Batista Santiago, 120 - Jd. Robru","Av. João Batista Santiago, 120 - Parque Santa Rita, São Paulo - SP, 08150-030, Brazil",ROOFTOP,"c(-46.4132203, -23.5188033)"
14,OK,"Av. Dona Belmira Marin, 4438 - Grajaú","Av. Dona Belmira Marin, 4438 - Parque Brasil, São Paulo - SP, 04846-010, Brazil",ROOFTOP,"c(-46.6728448, -23.7545784)"
15,OK,"Av. Dona Belmira Marin, S/Nº - Grajaú","Av. Dona Belmira Marin, 441 - Parque Brasil, São Paulo - SP, 04846-010, Brazil",ROOFTOP,"c(-46.6953199, -23.7351618)"
16,OK,"Av. Dona Belmira Marin, 4.300 - Grajaú","Av. Da. Belmira Marin, 4300 - Jardim Lucélia, São Paulo - SP, 04846-010, Brazil",GEOMETRIC_CENTER,"c(-46.673746, -23.754555)"
17,OK,"Rua Francisco Luis de Oliveira, S/Nº - Vila Curuçá","R. Francisco Luís de Oliveira - Vila Curuca, São Paulo - SP, Brazil",GEOMETRIC_CENTER,"c(-46.4065795, -23.5103953)"
18,OK,"Av. Ipê Roxo, 550 - Vila Curuçá","Rua Ipê Roxo, 550 - Jardim Jaragua (Itaim Paulista), São Paulo - SP, 08140-200, Brazil",RANGE_INTERPOLATED,"c(-46.4035061, -23.5063711)"
19,OK,"R. Registro Velho, 18 - Vila Curuça","R. Registro Velho, 18 - Jardim Bartira, São Paulo - SP, 08151-520, Brazil",RANGE_INTERPOLATED,"c(-46.4074198, -23.5111697)"
20,OK,"Av. Teodoro Bernardo do Nascimento, 989 - Vila Curuçá","Av. Teodoro Bernardo do Nascimento, 989 - Jardim Robru, São Paulo - SP, 08150-000, Brazil",RANGE_INTERPOLATED,"c(-46.4107088, -23.5173087)"
21,OK,"Av. Gustavo Berthier, 1 - Rio Pequeno","Av. Gustavo Berthier, 1 - Rio Pequeno, São Paulo - SP, 05386-110, Brazil",RANGE_INTERPOLATED,"c(-46.7644664, -23.5615577)"
22,OK,"Rua Nilva, 300 - Vila Piauí","R. Nilva, 300 - Vila Piaui, São Paulo - SP, 05109-170, Brazil",RANGE_INTERPOLATED,"c(-46.7604124, -23.5022497)"
23,OK,"Av. Eng. Armando de Arruda Pereira, 5342 - Jabaquara","Av. Eng. Armando de Arruda Pereira, 5342 - Vila do Encontro, São Paulo - SP, 04413, Brazil",RANGE_INTERPOLATED,"c(-46.6341204, -23.6694341)"
24,OK,"Av. Ragueb Chohfi, 5.700 - Iguatemi","Av. Ragueb Chohfi, 4555 - Jardim Iguatemi, São Paulo - SP, 08380-330, Brazil",ROOFTOP,"c(-46.4417586, -23.5945763)"
25,OK,"Rua Barcos Rabelo, 307 - Jd. Irene","Rua Barcos-Rabelos, 307 - Jardim Irapiranga, São Paulo - SP, 05891-180, Brazil",ROOFTOP,"c(-46.7935533, -23.6624606)"
26,OK,"Av. Flamingo, 1.288 - Vila Curuçá","Av. Flamingo - Vila Curuca, São Paulo - SP, Brazil",GEOMETRIC_CENTER,"c(-46.4193186, -23.5156427)"
27,OK,"Av. João Batista Santiago, 543 - Vila Curuçá","Av. João Batista Santiago, 543 - Parque Santa Rita, São Paulo - SP, 08150-030, Brazil",ROOFTOP,"c(-46.414314, -23.5155582)"
28,OK,"R. Eng. Hugo Takahashi, S/Nº - COHAB Educandário","R. Eng. Hugo Takahashi, 20 - Jardim Arpoador, São Paulo - SP, 05563-120, Brazil",GEOMETRIC_CENTER,"c(-46.7861833, -23.6025978)"
29,OK,"R. Cônego Antonio Manzi, 28 - Jd. Robru","R. Cônego Antônio Manzi, 28 - Jardim Robru, São Paulo - SP, 08431-430, Brazil",ROOFTOP,"c(-46.4173877, -23.5238557)"
30,OK,Terminal Pq. D. Pedro II,"Terminal Pq. D. Pedro II - Parque Dom Pedro II - Centro Histórico de São Paulo, São Paulo - SP, 03216-050, Brazil",GEOMETRIC_CENTER,"c(-46.630103, -23.546987)"
31,OK,"Av. Roland Garros, 1.558 - Jaçanã","Av. Roland Garros - Jaçanã, São Paulo - SP, Brazil",GEOMETRIC_CENTER,"c(-46.5767872, -23.4783906)"
32,OK,"Av. Edu Chaves, 421 - Jaçanã","Av. Edu Chaves, 421 - Parque Edu Chaves, São Paulo - SP, 02229-000, Brazil",RANGE_INTERPOLATED,"c(-46.5720588, -23.4713381)"
33,OK,"R. Francisco Alves Bezerra, S/Nº - Jaçanã","R. Francisco Alves Bezerra, 1127 - Parque Edu Chaves, São Paulo - SP, 02228-001, Brazil",ROOFTOP,"c(-46.5720781, -23.4760044)"
34,OK,"Av. da Barreira Grande, 3.526 - Sapopemba","Av. da Barreira Grande, 3596 - Vila Bancaria, São Paulo - SP, 03916-000, Brazil",ROOFTOP,"c(-46.5052676, -23.590897)"
35,OK,"Av. Sapopemba, 9.199 - Sapopemba","Av. Sapopemba - Sapopemba, São Paulo - SP, Brazil",GEOMETRIC_CENTER,"c(-46.5120845, -23.6006133)"
36,OK,"Estr. D. João Nery, 2.500 - Itaim Paulista","Estrada Dom João Nery, 71 - Vila Silva Teles, São Paulo - SP, 08110-000, Brazil",ROOFTOP,"c(-46.4047106, -23.4958293)"
37,OK,"Av. Sapopemba, 9.199 - Sapopemba","Av. Sapopemba - Sapopemba, São Paulo - SP, Brazil",GEOMETRIC_CENTER,"c(-46.5120845, -23.6006133)"
38,OK,"R. Esteban Araciel, 11 - Pq. Bancário","R. Esteban Araciel, 11 - Parque dos Bancarios, São Paulo - SP, 03923-055, Brazil",RANGE_INTERPOLATED,"c(-46.5133173, -23.5922213)"
39,OK,"R. Luis Francisco de Oliveira, 01 - Vila Curuçá","Vila Curuca, São Paulo - SP, Brazil",APPROXIMATE,"c(-46.4167385, -23.5097018)"
40,OK,"Av. Ipê Roxo, 906 - Vila Curuçá","Rua Ipê Roxo, 906 - Jardim dos Ipes, São Paulo - SP, 08160-330, Brazil",ROOFTOP,"c(-46.4068078, -23.5057735)"
41,OK,"R. Dos Têxteis, S/Nº - Cidade Tiradentes","R. dos Têxteis, 512 - Cidade Tiradentes, São Paulo - SP, 08490-600, Brazil",ROOFTOP,"c(-46.4068233, -23.5868765)"
42,OK,"Av. dos Metalúrgicos, S/Nº - Cidade Tiradentes","Av. dos Metalúrgicos, 1797 - Cidade Tiradentes, São Paulo - SP, 08471-000, Brazil",ROOFTOP,"c(-46.4034983, -23.5972228)"
43,OK,Terminal Bandeira - Centro,"Terminal Bandeira - Bela Vista, São Paulo - SP, 01312-000, Brazil",GEOMETRIC_CENTER,"c(-46.6400824, -23.5499777)"
44,OK,"Av. dos Metalúrgicos, 01 - Cidade Tiradentes","Av. dos Metalúrgicos, 1 - Chacara Santa Etelvina, São Paulo - SP, 08471-000, Brazil",ROOFTOP,"c(-46.408811, -23.583923)"
45,OK,Rua Aricanga X Rua Anajuba - Vila Curuçá,"R. Aricanga - Vila Curuca, São Paulo - SP, 08160-000, Brazil",GEOMETRIC_CENTER,"c(-46.411296, -23.5037537)"
46,OK,"Av. dos Ipês, 708 - Vila Curuçá","Av. dos Ipês, 708 - Jardim dos Ipes, São Paulo - SP, 08161-000, Brazil",ROOFTOP,"c(-46.4152642, -23.5027035)"
47,OK,"Pça. Jaguamitanga, S/Nº - Vila Curuçá","Do Shinquichi Square - Praça Jaguamitanga, 391 - Vila Curuçá Velha, São Paulo - SP, 08030-290, Brazil",ROOFTOP,"c(-46.4223154, -23.5016865)"
48,OK,"Rua dos Igarapés, 52, Jd. Robru","Rua dos Igarapés, 52 - Jardim dos Ipes, São Paulo - SP, 08161-380, Brazil",ROOFTOP,"c(-46.4128734, -23.4954303)"
49,OK,"Av. Arquiteto Vilanova Artigas, S/Nº - São Mateus","Av. Arquiteto Vilanova Artigas - São Mateus, São Paulo - SP, Brazil",GEOMETRIC_CENTER,"c(-46.4937468, -23.5871019)"
50,OK,Viaduto Ministro Alberto Marino,"Viaduto Maestro Alberto Marino - Brás, São Paulo - SP, 03216-050, Brazil",GEOMETRIC_CENTER,"c(-46.6182223, -23.5439384)"
51,OK,"Rua Coriolano Durand, S/N - Jabaquara","R. Coriolano Durand - Vila Santa Catarina, São Paulo - SP, Brazil",GEOMETRIC_CENTER,"c(-46.656366, -23.6532528)"
52,OK,"Av.Dr.Guilherme de Abreu Sodré,114 -Cid.Tiradentes","Av. Dr. Guilherme de Abreu Sodré, 114 - Conj. Res. Prestes Maia, São Paulo - SP, 08472-722, Brazil",ROOFTOP,"c(-46.4095033, -23.5665772)"
53,OK,"Av.Nordestina,3;720- VilaCuruçá","Av. Nordestina, 3720 - 270 - Vila Curuçá Velha, São Paulo - SP, 08032-000, Brazil",GEOMETRIC_CENTER,"c(-46.42619, -23.5134063)"
54,OK,"Estr. Dom João Nery, 2465 - Jd.Nazaré","Estrada Dom João Nery, 2465 - Jardim Eva, São Paulo - SP, 08151-000, Brazil",ROOFTOP,"c(-46.4025603, -23.5146451)"
55,OK,"Rua Henrique San Mindlin,1.342 - Capão Redondo","Rua Henrique Sam Mindlin, 196 - Jardim São Bento Novo, São Paulo - SP, 05882-000, Brazil",ROOFTOP,"c(-46.7759299, -23.6766084)"
56,OK,"Av.Yervant Kissajikian,3.101-Cidade Ademar","Av. Yervant Kissajikian, 416 - Vila Constancia, São Paulo - SP, 04657-000, Brazil",ROOFTOP,"c(-46.6744964, -23.6674021)"
57,OK,"Rua Luar do Sertão, 665 - Capão Redondo","R. Luar do Sertão, 665 - Chacara Santa Maria, São Paulo - SP, 05879-450, Brazil",ROOFTOP,"c(-46.7953065, -23.6905586)"
58,OK,"Av. Yervant Kissajikian, 3.101 - Cidade Ademar","Av. Yervant Kissajikian - Cidade Ademar, São Paulo - SP, Brazil",GEOMETRIC_CENTER,"c(-46.6618918, -23.6747561)"
59,OK,"Rua Cabo das Tormentas, S/N - Lajeado","R. Cabo das Tormentas, São Paulo, Brazil",GEOMETRIC_CENTER,"c(-46.3959699, -23.530289)"
60,OK,"Rua Cabo das Tormentas, S/N - Lajeado","R. Cabo das Tormentas, São Paulo, Brazil",GEOMETRIC_CENTER,"c(-46.3959699, -23.530289)"
61,OK,"Rua José Alves Coelho, S/N - Itaim Paulista","R. José Alves Coelho - Itaim Paulista, São Paulo - SP, 08142, Brazil",GEOMETRIC_CENTER,"c(-46.3862434, -23.5139911)"
62,OK,"Av. Doutor Assis Ribeiro, 7400 - Ermelino Matarazzo","Rua Dr. Assis Ribeiro, 7400 - Ermelino Matarazzo, São Paulo - SP, 03828, Brazil",RANGE_INTERPOLATED,"c(-46.4918741, -23.4829799)"
63,OK,"Rua Padre Domingos Cunha, 163 - Capão Redondo","R. Padre Domingos Cunha, 163 - Parque Independencia, São Paulo - SP, 05882-440, Brazil",RANGE_INTERPOLATED,"c(-46.7892568, -23.6832787)"
64,OK,"Rua Garcia Orta, s/nº - Capão Redondo","R. García de Orta - Capao Redondo, São Paulo - SP, 05880, Brazil",GEOMETRIC_CENTER,"c(-46.7903016, -23.6843883)"
65,OK,"Estrada de Pirajussara, 37 - Valo Velho","Estrada Pirajussara-Valo Velho, 37 - Pirajussara, São Paulo - SP, 05789-001, Brazil",RANGE_INTERPOLATED,"c(-46.7799769, -23.6392337)"
66,OK,"Rua Itajuibe, 627 - Itaim Paulista","Rua Itajuíbe, 627 - Itaim Paulista, São Paulo - SP, 08120-470, Brazil",ROOFTOP,"c(-46.3912088, -23.5019879)"
67,OK,"Rua Itajuibe, 627 - Itaim Paulista","Rua Itajuíbe, 627 - Itaim Paulista, São Paulo - SP, 08120-470, Brazil",ROOFTOP,"c(-46.3912088, -23.5019879)"
68,OK,"Rua Barcos Rabelo, s/nº - Jardim Irapiranga","Rua Barcos-Rabelos, 257 - Jardim Irapiranga, São Paulo - SP, 05891-180, Brazil",ROOFTOP,"c(-46.7936961, -23.6619434)"
69,OK,"Rua Padre Jorge Benci, 153 - Jd. João XXIII","R. Padre Jorge Benci, 153 - Jardim Joao XXIII, São Paulo - SP, 05569-020, Brazil",ROOFTOP,"c(-46.7906042, -23.5990222)"
70,OK,"Av. Prof. Luiz Ignácio de Anhaia Mello, 6.118 - Vila Ema","Av. Prof. Luiz Ignácio Anhaia Mello, 5088 - Vila Graciosa, São Paulo - SP, 03263-080, Brazil",GEOMETRIC_CENTER,"c(-46.546589, -23.587091)"
71,OK,"Rua Colônia Nova, 315 - Jd. Ângela","R. Col. Nova, 315 - Jardim Sao Manoel, São Paulo - SP, 05871-270, Brazil",RANGE_INTERPOLATED,"c(-46.7731642, -23.6880753)"
72,OK,"Av. Nossa Senhora das Mercês, S/N - Vila das Mercês","R. Nossa Sra. das Mercês, São Paulo - SP, Brazil",GEOMETRIC_CENTER,"c(-46.6072306, -23.6241878)"
73,OK,"Rua Colonia Nova, 100 - Jardim Angela","R. Col. Nova, 100 - Jardim Sao Manoel, São Paulo - SP, 05871-270, Brazil",RANGE_INTERPOLATED,"c(-46.7730428, -23.6867252)"
74,OK,"Rua Colonia Nova, 100 - Jardim Angela","R. Col. Nova, 100 - Jardim Sao Manoel, São Paulo - SP, 05871-270, Brazil",RANGE_INTERPOLATED,"c(-46.7730428, -23.6867252)"
75,OK,"Estrada do M Boi Mirim, 4700 - Jardim Angela","Estrada do M'Boi Mirim, 4700 - Jardim Sao Manoel, São Paulo - SP, 05871-240, Brazil",ROOFTOP,"c(-46.7717718, -23.6871516)"
76,OK,"Av. Prof. Luiz Ignácio de Anhaia Mello, 6.118 - Vila Ema","Av. Prof. Luiz Ignácio Anhaia Mello, 5088 - Vila Graciosa, São Paulo - SP, 03263-080, Brazil",GEOMETRIC_CENTER,"c(-46.546589, -23.587091)"
77,OK,"Rua Colônia Nova, 315 - Jd. Ângela","R. Col. Nova, 315 - Jardim Sao Manoel, São Paulo - SP, 05871-270, Brazil",RANGE_INTERPOLATED,"c(-46.7731642, -23.6880753)"
78,OK,"Av. Nossa Senhora das Mercês, S/N - Vila das Mercês","R. Nossa Sra. das Mercês, São Paulo - SP, Brazil",GEOMETRIC_CENTER,"c(-46.6072306, -23.6241878)"
79,OK,"Rua Colonia Nova, 100 - Jardim Angela","R. Col. Nova, 100 - Jardim Sao Manoel, São Paulo - SP, 05871-270, Brazil",RANGE_INTERPOLATED,"c(-46.7730428, -23.6867252)"
80,OK,"Estrada do M Boi Mirim, 4700 - Jardim Angela","Estrada do M'Boi Mirim, 4700 - Jardim Sao Manoel, São Paulo - SP, 05871-240, Brazil",ROOFTOP,"c(-46.7717718, -23.6871516)"
81,OK,"Rua Kemel Addas, 1000 Jardim Kemel","Av. Kemel Addas, 1000 - Cidade Kemel, São Paulo - SP, 08130-485, Brazil",ROOFTOP,"c(-46.3666519, -23.5045158)"
82,OK,"Rua Engº Álvaro Cunha, 486 - Cidade Kemel","Rua Engenheiro Alvaro Cunha, 486 - Cidade Kemel, São Paulo - SP, 08130-270, Brazil",ROOFTOP,"c(-46.3718568, -23.5070997)"
83,OK,"Estrada do M Boi Mirim, 10.000 - Jardim Angela","Terminal Jardim Angela - Estrada do M'Boi Mirim, 3630 - Parque do Lago, São Paulo - SP, 04939, Brazil",ROOFTOP,"c(-46.7739927, -23.6905823)"
84,OK,"Rua Guabiroba de Minas, 307 - Lajeado","R. Guabiroba de Minas, 307 - Jardim Gianetti, São Paulo - SP, 08430-040, Brazil",ROOFTOP,"c(-46.4290029, -23.5195466)"
85,OK,"Av. Angelo Cristianini, 1300 - Cidade Ademar","Av. Ângelo Cristianini, 1300 - Cidade Júlia, São Paulo - SP, 04424-000, Brazil",ROOFTOP,"c(-46.6433896, -23.6890745)"
86,OK,"Praça Herculana Ribeira da Silva, s/n - Cidade Ademar","Praça Herculana Ribeira da Silva - Cidade Ademar, São Paulo - SP, 04423, Brazil",GEOMETRIC_CENTER,"c(-46.6355684, -23.6898057)"
87,OK,"Av.Dr. Assis Ribeiro, 7758 - Ermelino Matarazzo","Rua Dr. Assis Ribeiro, 7758 - Ermelino Matarazzo, São Paulo - SP, 03816-010, Brazil",ROOFTOP,"c(-46.4897882, -23.4844038)"
88,OK,"Av. Silvio Ribeiro do Aragão, 777 - Campo Belo","Av. Silvio Ribeiro Aragão, 777 - Parque Arariba, São Paulo - SP, 05776-510, Brazil",ROOFTOP,"c(-46.7493923, -23.6390218)"
89,OK,"Rua Pastor Miguel Damiani, s/nº Jardim Bonfiglioli","Rua Pastor Miguel Damiani - Vila Vasconcelos, São Paulo - SP, 05363-050, Brazil",GEOMETRIC_CENTER,"c(-46.7470596, -23.5726579)"
90,OK,"Ru Ibiraiaras, 862 - Jd.Vista Alegre","R. Ibiraiaras, 862 - Jardim Vista Alegre, São Paulo - SP, 02878-080, Brazil",ROOFTOP,"c(-46.6916648, -23.4516231)"
91,OK,"Av. Inajar de Souza, 4711 - Limão","Av. Inajar de Souza, 4711 - Limão, São Paulo - SP, 02861, Brazil",RANGE_INTERPOLATED,"c(-46.6704455, -23.4692437)"
92,OK,"Estrada Turística do Jaraguá, 2600 - Jaraguá","Estr. Turística do Jaraguá, 2600 - Vila Jaraguá, São Paulo - SP, 02675-031, Brazil",RANGE_INTERPOLATED,"c(-46.7545421, -23.4739342)"
93,OK,"Rua João Robalo, 472 - Capão Redondo","R. João Robalo, 472 - Jardim Soraia, São Paulo - SP, 05881-000, Brazil",RANGE_INTERPOLATED,"c(-46.7814526, -23.6822007)"
94,OK,"Rua Aleixos Jafet, 2766 - Jaraguá","Av. Alexios Jafet, 2766 - Jardim Ipanema (Zona Oeste), São Paulo - SP, 02675-031, Brazil",ROOFTOP,"c(-46.7548369, -23.4338617)"
95,OK,"Av. Celso Garcia, 5817 - Tatuapé","Av. Celso Garcia, 5817 - Tatuapé, São Paulo - SP, 03064-000, Brazil",ROOFTOP,"c(-46.5567464, -23.5305298)"
96,OK,"Estrada do M´Boi Mirim, 10557 - Jardim Capela","Estrada do M'Boi Mirim, 10557 - Parque do Lago, São Paulo - SP, 04960-010, Brazil",ROOFTOP,"c(-46.7890249, -23.7362939)"
97,OK,"Rua José Porfirio de Souza, 25 - Cohab Educandário","R. José Porfírio de Souza, S/N - Jardim Raposo Tavares, São Paulo - SP, 05563-090, Brazil",ROOFTOP,"c(-46.780426, -23.603026)"
98,OK,"Av. Jacu Pessego, s/nº Gleba do Pessego","Av. Jacu-pêssego/nova Trabalhadores, 3400 - Gleba do Pêssego, São Paulo - SP, 08260-001, Brazil",GEOMETRIC_CENTER,"c(-46.443964, -23.591217)"
99,OK,"Rua Ibiraiaras, sn - Jardim Vista Alegre","R. Ibiraiaras, 138 - Jardim Vista Alegre, São Paulo - SP, 02878-080, Brazil",ROOFTOP,"c(-46.685807, -23.4502129)"
100,OK,"Av. Cupece, 4100 - Jardim Miriam","Av. Cupecê, 4100 - Jardim Prudência, São Paulo - SP, 04366-001, Brazil",ROOFTOP,"c(-46.6464883, -23.671436)"
101,OK,"Av.Carlos Lacerda, 1900 - Campo Limpo","Av. Carlos Lacerda, 1900 - Jardim Boa Esperanca, São Paulo - SP, 05789-001, Brazil",ROOFTOP,"c(-46.7789318, -23.6485699)"
102,OK,"Av. Cupece, 4790 - Jardim Miriam","Av. Cupecê, 4790 - Americanópolis, São Paulo - SP, 04366-001, Brazil",ROOFTOP,"c(-46.642339, -23.675937)"
103,OK,"Av. Carlos Lacerda, 1886 - Pirajussara","Av. Carlos Lacerda, 1886 - Jardim Rosana, São Paulo - SP, 05789-001, Brazil",ROOFTOP,"c(-46.7790787, -23.6480128)"
104,OK,"Av. Vila Nova Pirajussara, s/n - Pirajussara","Vila Nova Pirajussara, São Paulo - SP, 05576-100, Brazil",APPROXIMATE,"c(-46.7508718, -23.6247861)"
105,OK,"Av. Dep.Cantidio Sampaio, 1952 - Jd. Almanara","Av. Deputado Cantidio Sampaio, 1952 - Vila Souza, São Paulo - SP, 02675-031, Brazil",RANGE_INTERPOLATED,"c(-46.6830619, -23.4628238)"
106,OK,"Rua Francesco Usper, 650 - Conj. Hab. Teotonio Vilela","R. Francesco Usper, 650 - Conj. Hab. Teotonio Vilela, São Paulo - SP, 03928-235, Brazil",ROOFTOP,"c(-46.4970391, -23.6062112)"
107,OK,"Estr. Dom João Nery, 3.339 - Jd. Nazaré","3269/ 3271, Sala 01 Jardim Nazaré- Itaim Paulista, 08151-000 - Jd.Nazaré - Estrada Dom João Nery - Itaim Paulista, São Paulo - SP, 08151-000, Brazil",GEOMETRIC_CENTER,"c(-46.3996424, -23.5208509)"
108,OK,"Av. Cel. Sezefredo Fagundes, 19.447 - Tremembé","Av. Cel. Sezefredo Fagundes - Tremembe, São Paulo - SP, Brazil",GEOMETRIC_CENTER,"c(-46.5865876, -23.4191326)"
109,OK,"Rua Catarina Alvares, 704 - Ermelino matarazzo","R. Catarina Álvares - Jardim Matarazzo, São Paulo - SP, 03811, Brazil",GEOMETRIC_CENTER,"c(-46.4810168, -23.4909478)"
110,OK,"Av. Pe. OrlandoGarcia da Silveira, 60 - Brasilândia","Av. Padre Orlando García da Silveira, 60 - Vila Penteado, São Paulo - SP, 02866-170, Brazil",RANGE_INTERPOLATED,"c(-46.6822585, -23.471871)"
111,OK,Pça. Manoel Maiotti - Chácara Santana,"Praça Manoel Maiotti - Parque Santo Antônio, São Paulo - SP, 05822, Brazil",GEOMETRIC_CENTER,"c(-46.7534721, -23.6643022)"
112,OK,"Av. Prof. Luiz Ignácio de Anhaia Mello, 9.843 - Vila Ema","Av. Prof. Luiz Ignácio Anhaia Mello, 5088 - Vila Graciosa, São Paulo - SP, 03263-080, Brazil",GEOMETRIC_CENTER,"c(-46.546589, -23.587091)"
113,OK,"Av. Yervant Kissajikian, 1.629 - Cidade Ademar","Av. Yervant Kissajikian, 416 - Vila Constancia, São Paulo - SP, 04657-000, Brazil",ROOFTOP,"c(-46.6744964, -23.6674021)"
114,OK,"Av. Yervant Kissajikian, 2.514 - Americanópolis","Av. Yervant Kissajikian - Americanópolis, São Paulo - SP, Brazil",GEOMETRIC_CENTER,"c(-46.6564715, -23.6789412)"
115,OK,"Rua Luiz Antônio Verney, 311 - Jd. São Luiz","Rua Luís Antonio Verney, 311 - Jardim Casablanca, São Paulo - SP, 05816, Brazil",ROOFTOP,"c(-46.7417117, -23.6633351)"
116,OK,"Av. Cruzeiro do Sul, 3.200 - Santana","Av. Cruzeiro Do Sul, 3200 - Santana, São Paulo - SP, 02034-001, Brazil",GEOMETRIC_CENTER,"c(-46.6245038, -23.5026717)"
117,OK,"Av. Dona Belmira Marin, 2.605 - Grajaú","Av. Dona Belmira Marin, 1124 - Parque Brasil, São Paulo - SP, 04846-000, Brazil",ROOFTOP,"c(-46.691531, -23.7402041)"
118,OK,"Av. Dona Belmira Marin, 3.900 - Grajaú","Av. Dona Belmira Marin, 1124 - Parque Brasil, São Paulo - SP, 04846-000, Brazil",ROOFTOP,"c(-46.691531, -23.7402041)"
119,OK,"Av. Dona Belmira Marin, 2.567 - Grajaú","Av. Dona Belmira Marin - Grajaú, São Paulo - SP, Brazil",GEOMETRIC_CENTER,"c(-46.68111, -23.7533599)"
120,OK,"Av. Dona Belmira Marin, 2.578 - Grajaú","Av. Dona Belmira Marin - Grajaú, São Paulo - SP, Brazil",GEOMETRIC_CENTER,"c(-46.68111, -23.7533599)"
121,OK,"Av. Dona Belmira Marin, 1.450 - Grajaú","Av. Dona Belmira Marin, 1124 - Parque Brasil, São Paulo - SP, 04846-000, Brazil",ROOFTOP,"c(-46.691531, -23.7402041)"
122,OK,"Av. Dona Belmira Marin, 1.450 - Grajaú","Av. Dona Belmira Marin, 1124 - Parque Brasil, São Paulo - SP, 04846-000, Brazil",ROOFTOP,"c(-46.691531, -23.7402041)"
123,OK,"Rua Maria Clotilde Martins Rocha, 4.005","R. Maria Clotilde Martins Rocha, São Paulo - SP, Brazil",GEOMETRIC_CENTER,"c(-46.6551662, -23.6875831)"
124,OK,"Av. Dona Belmira Marin, 1.540 - Grajaú","Av. Dona Belmira Marin, 1124 - Parque Brasil, São Paulo - SP, 04846-000, Brazil",ROOFTOP,"c(-46.691531, -23.7402041)"
125,OK,"Av. Tomás Campanella, 12 - Capão Redondo","Av. Tomás Campanella, 12A - Jardim Mariane, São Paulo - SP, 05866-160, Brazil",ROOFTOP,"c(-46.7679294, -23.6784225)"
126,OK,"Pça. Félix, 138 - Jd. Danfer","Praça Félix - Vila Silvia, São Paulo - SP, Brazil",GEOMETRIC_CENTER,"c(-46.5017214, -23.4991098)"
127,OK,"Av. Cupecê, 5168 - Cidade Ademar","Av. Cupecê, 5168 - Jardim Prudência, São Paulo - SP, 04366-001, Brazil",ROOFTOP,"c(-46.6406127, -23.6791841)"
128,OK,"Av. Yervant Kissajikian, 3092 - Cidade Ademar","Av. Yervant Kissajikian, 3092 - Americanópolis, São Paulo - SP, 04428-060, Brazil",ROOFTOP,"c(-46.653147, -23.6818927)"
129,OK,"Av. Primavera de caiena, 750 - Sapopemba","Av. Primavera de Caiena, 750 - Parque Santa Madalena, São Paulo - SP, 03981-010, Brazil",RANGE_INTERPOLATED,"c(-46.5157581, -23.6146176)"
130,OK,"Av. Yervant Kissajikian, 3.097 - Cidade Ademar","Av. Yervant Kissajikian, 416 - Vila Constancia, São Paulo - SP, 04657-000, Brazil",ROOFTOP,"c(-46.6744964, -23.6674021)"
131,OK,"Rua tibúrcio de Souza, 1.772 - Itaim Paulista","Rua Tibúrcio de Sousa, 550 - Itaim Paulista, São Paulo - SP, 08140-000, Brazil",ROOFTOP,"c(-46.3977454, -23.5020696)"
132,OK,"Estrada do Alvarenga, 678 - Pedreira","Estr. do Alvarenga, 678 - Jardim Pedreira, São Paulo - SP, 04462-000, Brazil",ROOFTOP,"c(-46.6669731, -23.6955182)"
133,OK,"Rua Dr. Assis Ribeiro, 10.500 - Ermelino Matarazzo","Rua Dr. Assis Ribeiro, 7600 - Ermelino Matarazzo, São Paulo - SP, 03827-000, Brazil",ROOFTOP,"c(-46.491048, -23.4835378)"
134,OK,"Av. doz nacionalistas, 1.500 - Sapopemba","Av. dos Nacionalistas - Aricanduva, São Paulo - SP, Brazil",GEOMETRIC_CENTER,"c(-46.516268, -23.5769336)"
135,OK,"Av. Pe. Arlindo Vieira, 2.593 - Pq. Bristol","Av. Padre Arlindo Vieira, 3330 - Jardim Vergueiro (Sacoma), São Paulo - SP, 04166-003, Brazil",ROOFTOP,"c(-46.6091482, -23.6461648)"
136,OK,"Rua Nicia Coutinho Patricio, 100 - Brasilândia","R. Nícia Coutinho Patrício, 100 - Vila Penteado, São Paulo - SP, 02866-000, Brazil",ROOFTOP,"c(-46.6827698, -23.4660058)"
137,OK,"Pça. Ramos de Azevedo, sn° - República","Praça Ramos De Azevedo, s/n - República, São Paulo - SP, 01037-010, Brazil",ROOFTOP,"c(-46.638615, -23.5452348)"
138,OK,"Av. dos Metalúrgicos, 1.600 - Cidade Tiradentes","Av. dos Metalúrgicos, 1797 - Cidade Tiradentes, São Paulo - SP, 08471-000, Brazil",ROOFTOP,"c(-46.4034983, -23.5972228)"
139,OK,"Av. dos Metalúrgicos, sn° - Cidade Tiradentes","Av. dos Metalúrgicos, 1797 - Guaianases, São Paulo - SP, 08490-490, Brazil",ROOFTOP,"c(-46.4035235, -23.5971556)"
140,OK,"Av. dos Metalúrgicos, 1.600 - Cidade Tiradentes","Av. dos Metalúrgicos, 1797 - Cidade Tiradentes, São Paulo - SP, 08471-000, Brazil",ROOFTOP,"c(-46.4034983, -23.5972228)"
141,OK,"Rua Severino de Freitas Prestes, 320 - Jd. Santo André","R. Severino de Freitas Prestes, 320 - Jardim Rodolfo Pirani, São Paulo - SP, 08310-380, Brazil",ROOFTOP,"c(-46.4594008, -23.6267322)"
142,OK,"Estrada Cel. Jose Gladiador, 450 - Morro Doce","Estr. Cel. José Gladiador, 450 - Parque Anhangüera, São Paulo - SP, 02675-031, Brazil",RANGE_INTERPOLATED,"c(-46.7926459, -23.4367706)"
143,OK,"Estrada Turística do Jaraguá, 1.890 - Jaraguá","Estr. Turística do Jaraguá, 1890A - Vila Jaraguá, São Paulo - SP, 05161-000, Brazil",ROOFTOP,"c(-46.7530449, -23.4779477)"
144,OK,"Rua Antonio Ramos Rosa, 467 - Jd. São Luis","R. Antônio Ramos Rosa, 467 - Parque Santo Antônio, São Paulo - SP, 05822-010, Brazil",RANGE_INTERPOLATED,"c(-46.7454765, -23.6599716)"
145,OK,"Av. Zaki Narchi, 500","Av. Zaki Narchi, 500 - Vila Guilherme, São Paulo - SP, 02029-001, Brazil",ROOFTOP,"c(-46.6204291, -23.5124673)"
146,OK,"Rua Igarapé Serra Encantada, 10 - COHAB Inácio Monteiro","R. Igarapé da Bela Aurora, 435 - Cohab inacio Monteiro, São Paulo - SP, 08472-200, Brazil",ROOFTOP,"c(-46.3998125, -23.5742336)"
147,OK,"Rua Igarapé Serra Encantada, 10 - COHAB Inácio Monteiro","R. Igarapé da Bela Aurora, 435 - Cohab inacio Monteiro, São Paulo - SP, 08472-200, Brazil",ROOFTOP,"c(-46.3998125, -23.5742336)"
148,OK,"Rua Cristovão de Araujo, 15 - Guaianases","R. Cristóvão de Araújo - Guaianases, São Paulo - SP, 08460-000, Brazil",GEOMETRIC_CENTER,"c(-46.4034804, -23.5530046)"
149,OK,"Rua Flor de Inverno, 300 - Vila Jacuí","R. Flôr de Inverno, 300 - Jardim das Camelias, São Paulo - SP, 08050-310, Brazil",ROOFTOP,"c(-46.4600463, -23.508578)"
150,OK,"Rua Doutor Virgílio Alvim Franco, 54","Rua Dr. Virgílio Alvim Franco, 54 - Jardim Dabril, São Paulo - SP, 05576-100, Brazil",RANGE_INTERPOLATED,"c(-46.7762319, -23.5759656)"
151,OK,"Av. Zaki Narchi, 500","Av. Zaki Narchi, 500 - Vila Guilherme, São Paulo - SP, 02029-001, Brazil",ROOFTOP,"c(-46.6204291, -23.5124673)"
152,OK,"Av. Zaki Narchi, 500","Av. Zaki Narchi, 500 - Vila Guilherme, São Paulo - SP, 02029-001, Brazil",ROOFTOP,"c(-46.6204291, -23.5124673)"
153,OK,Terminal Cidade Tiradentes,"Terminal Cidade Tiradentes - Conj. Hab. Castro Alves, São Paulo - SP, 08474-131, Brazil",GEOMETRIC_CENTER,"c(-46.4080296, -23.5834132)"
154,OK,"Av. Felipe Carrillo puerto, 226","Av. Felipe Carrillo Puerto, 226 - Jardim Iae, São Paulo - SP, 05890-030, Brazil",ROOFTOP,"c(-46.7854775, -23.6676691)"
155,OK,"Rua Tibúrcio de Souza, 2.680 - Itaim Paulista","Rua Tibúrcio de Sousa, 550 - Itaim Paulista, São Paulo - SP, 08140-000, Brazil",ROOFTOP,"c(-46.3977454, -23.5020696)"
156,OK,"Rua Tibúrcio de Souza, 2.680 - Itaim Paulista","Rua Tibúrcio de Sousa, 550 - Itaim Paulista, São Paulo - SP, 08140-000, Brazil",ROOFTOP,"c(-46.3977454, -23.5020696)"
157,OK,"Rua ProfessornFreitas Julião, 21 - Cidade Ademar","R. Prof. Freitas Julião, 21 - Jardim Luso, São Paulo - SP, 04421-050, Brazil",ROOFTOP,"c(-46.6380903, -23.6886579)"
158,OK,"Av. Professor Almeida Prado, 0","Av. Prof. Francisco Morato, 1248 - Caxingui, São Paulo - SP, 05512-100, Brazil",ROOFTOP,"c(-46.7118246, -23.5811396)"
159,OK,"Av. Professor Almeida Prado, 0","Av. Prof. Francisco Morato, 1248 - Caxingui, São Paulo - SP, 05512-100, Brazil",ROOFTOP,"c(-46.7118246, -23.5811396)"
160,OK,"Av. Professor Almeida Prado, 0","Av. Prof. Francisco Morato, 1248 - Caxingui, São Paulo - SP, 05512-100, Brazil",ROOFTOP,"c(-46.7118246, -23.5811396)"
161,OK,"Av. São Miguel, 6500 - Itaim Paulista","Av. São Miguel, 6500 - Vila Norma, São Paulo - SP, 08070-002, Brazil",ROOFTOP,"c(-46.4719466, -23.5037066)"
162,OK,"Estrada de Taipas, 2581 - Jaraguá","Estr. De Taipas, 2581 - Jardim Rincão, São Paulo - SP, 02995-145, Brazil",GEOMETRIC_CENTER,"c(-46.728603, -23.437853)"
163,OK,"R. Peixoto Melo Filho, 21 - Cidade Ademar","Rua Peixoto de Melo Filho, 21 - Jardim Niteroi, São Paulo - SP, 04432-170, Brazil",RANGE_INTERPOLATED,"c(-46.6629536, -23.6797968)"
164,OK,"Av. Dona Belmira Marin, 3560 - Grajaú","Av. Dona Belmira Marin, 3560 - Grajaú, São Paulo - SP, 04846-000, Brazil",ROOFTOP,"c(-46.6807754, -23.7540671)"
165,OK,"Av. Dona Belmira Marin, 3560 - Grajaú","Av. Dona Belmira Marin, 3560 - Grajaú, São Paulo - SP, 04846-000, Brazil",ROOFTOP,"c(-46.6807754, -23.7540671)"
166,OK,"Av. Dona Belmira Marin, 3560 - Grajaú","Av. Dona Belmira Marin, 3560 - Grajaú, São Paulo - SP, 04846-000, Brazil",ROOFTOP,"c(-46.6807754, -23.7540671)"
167,OK,"Av. Dona Belmira Marin, 4201 - Grajaú","Av. Dona Belmira Marin, 4201 - Parque Brasil, São Paulo - SP, 04846-010, Brazil",ROOFTOP,"c(-46.6765231, -23.755111)"
168,OK,"Av. Dona Belmira Marin, 3560 - Grajaú","Av. Dona Belmira Marin, 3560 - Grajaú, São Paulo - SP, 04846-000, Brazil",ROOFTOP,"c(-46.6807754, -23.7540671)"
169,OK,"R. Rubens de Oliveira, 5700 - Grajaú","R. Rubens de Oliveira - Grajau, São Paulo - SP, Brazil",GEOMETRIC_CENTER,"c(-46.6662729, -23.7405445)"
170,OK,"R. Alfredo Lorenz, 296 - Parque Lígia","R. Alfredo Lorenz, 296 - Parque Ligia, São Paulo - SP, 05857-490, Brazil",RANGE_INTERPOLATED,"c(-46.7823912, -23.6583331)"
171,OK,"Av. Carlos Lacerda, 3003 - Jardim Rosana","Av. Carlos Lacerda, 3003 - Vila Pirajussara, São Paulo - SP, 05789-000, Brazil",ROOFTOP,"c(-46.7759299, -23.6570147)"
172,ZERO_RESULTS,"R. Alves de Souza, sn - Parque do Engenho",NA,NA,"c(NA, NA)"
173,OK,"Av. Dom Rodrigo Sanches, 570 - Parque do Engenho","Av. Dom Rodrigo Sanches, 570 - Jardim Amalia, São Paulo - SP, 05892-360, Brazil",RANGE_INTERPOLATED,"c(-46.7849526, -23.6611795)"
174,OK,"Av. Interlagos, 2729 - Parque Umuarama","Av. Interlagos, 2729 - Jardim Umuarama, São Paulo - SP, 04661-200, Brazil",RANGE_INTERPOLATED,"c(-46.6807992, -23.6771685)"
175,OK,"Av. Interlagos, 2700 - Campo Grande","Av. Interlagos, 2700 - Jardim Umuarama, São Paulo - SP, 04660-004, Brazil",RANGE_INTERPOLATED,"c(-46.6803801, -23.6766372)"
176,OK,"R. Anecy Rocha, 928 - Iguatemi","Rua Anecy Rocha, 928 - Jardim das Rosas (Iguatemi), São Paulo - SP, 08372-209, Brazil",ROOFTOP,"c(-46.4352326, -23.6080538)"
177,OK,"Estrada do Embu-Guaçu, 10557 - Jardim Ângela","Estr. do Embú Guaçu, 10557 - Parque Universitario Espirita, São Paulo - SP, 04960-010, Brazil",RANGE_INTERPOLATED,"c(-46.7886762, -23.7361975)"
178,OK,"Estrada do Embu-Guaçu, 10558 - Jardim Ângela","Estr. do Embú Guaçu, 10558 - Parque Universitario Espirita, São Paulo - SP, 04960-010, Brazil",ROOFTOP,"c(-46.7890859, -23.7363093)"
179,OK,"Av. Guarapiranga, 2574 - Jardim São Luis","Av. Guarapiranga, 2574 - Jardim Japao, São Paulo - SP, 04909-025, Brazil",RANGE_INTERPOLATED,"c(-46.7427924, -23.6854142)"
180,OK,"R. Olga Moretti Ferrari, 208 - Jardim Ângela","Rua Olga Moretti Ferrari, 208 - Vila Santa Lucia, São Paulo - SP, 04940-020, Brazil",RANGE_INTERPOLATED,"c(-46.7678918, -23.6885058)"
181,OK,"Rua Alba, 800 - Jabaquara","R. Alba, 800 - Parque Jabaquara, São Paulo - SP, 04350-015, Brazil",RANGE_INTERPOLATED,"c(-46.6573972, -23.6433041)"
182,OK,"R. Nelson Brissac, sn - Jardim Novo Oriente","R. Nelsom Brissac - Campo Limpo, São Paulo - SP, Brazil",GEOMETRIC_CENTER,"c(-46.7549527, -23.6384772)"
183,OK,"R. José Pereira Bueno, sn - Jardim Ingá","R. José Pereira Bueno - Jardim Inga, São Paulo - SP, Brazil",GEOMETRIC_CENTER,"c(-46.7476328, -23.6344227)"
184,OK,"Av. Belmira Marin, 1700 - Grajaú","Av. Dona Belmira Marin, 1700 - Parque Brasil, São Paulo - SP, 04842, Brazil",ROOFTOP,"c(-46.6901331, -23.7449665)"
185,OK,"Estrada de Taipas, 2380 - Taipas","Estr. das Taipas, 2380 - Parque Nações Unidas, São Paulo - SP, 02996-055, Brazil",RANGE_INTERPOLATED,"c(-46.7301506, -23.4388486)"
186,OK,"Av. 09 de Julho, 700 - Bela Vista","Av. Nove de Julho, 700 - Bela Vista, São Paulo - SP, 01312-000, Brazil",ROOFTOP,"c(-46.6451268, -23.5507165)"
187,OK,"R. Patrício Teixeira, sn - Barro Branco","R. Patrício Teixeira, 150 - Conj. Hab. Barro Branco II, São Paulo - SP, 08473-578, Brazil",ROOFTOP,"c(-46.3920967, -23.5877945)"
188,OK,"R. Patrício Teixeira, 199 - Barro Branco","R. Patrício Teixeira, 199 - Conj. Hab. Barro Branco II, São Paulo - SP, 08473-578, Brazil",RANGE_INTERPOLATED,"c(-46.3930356, -23.5890568)"
189,OK,"Rodovia Anhanguera, 22950 - Parque Morro Doce","SP-330, São Paulo, Brazil",GEOMETRIC_CENTER,"c(-47.4979859, -21.8140101)"
190,OK,"R. Limbani, 179 - Jardim Vale das Virtudes","R. Limbani, 179 - Jardim Vale das Virtudes, São Paulo - SP, 05796-110, Brazil",ROOFTOP,"c(-46.7741651, -23.6517413)"
191,OK,"R. Manoel Bueno da Fonseca, 437 - Jardim Camargo Novo","R. Manuel Bueno da Fonseca, 437 - Jardim Sao Luis (Zona Leste), São Paulo - SP, 08121-000, Brazil",ROOFTOP,"c(-46.3878134, -23.4966696)"
192,OK,"R. Cordão de São Francisco, 1490 - Jardim Helena","Rua Cordão de São Francisco, 1490 - Vila Aimore, São Paulo - SP, 08190-000, Brazil",ROOFTOP,"c(-46.3951602, -23.492286)"
193,OK,"Estrada de Taipas, 1750 - Jaraguá","Estr. das Taipas, 1750 - Parque Nações Unidas, São Paulo - SP, 02996-055, Brazil",RANGE_INTERPOLATED,"c(-46.7336898, -23.441975)"
194,OK,"Av. Deputado Cantídio Sampaio, 2500 - Brasilândia","Av. Deputado Cantidio Sampaio, 2500 - Vila Souza, São Paulo - SP, 02860-001, Brazil",ROOFTOP,"c(-46.6859395, -23.4593776)"
195,OK,"Av. Dona Belmira Marin, 2672 - Grajaú","Av. Dona Belmira Marin, 2672 - Parque Brasil, São Paulo - SP, 04845, Brazil",ROOFTOP,"c(-46.6887388, -23.7526982)"
196,OK,"R. General Dalton Teixeira, 97 - Jardim Helena","R. Gen. Dalton Teixeira, 97 - Parque Paulistano, São Paulo - SP, 08080-400, Brazil",ROOFTOP,"c(-46.4253881, -23.489915)"
197,OK,"R. Igarapé Serra Encantada, 73 - Inácio Monteiro","R. Igarapé Serra Encantada, 73 - Conj. Hab. Inacio Monteiro, São Paulo - SP, 08472-195, Brazil",RANGE_INTERPOLATED,"c(-46.3993459, -23.5729027)"
198,OK,"R. Paulo Tapajós, 52 - Itaim Paulista","R. Paulo Tapajós, 52 - Itaim Paulista, São Paulo - SP, 08131-215, Brazil",RANGE_INTERPOLATED,"c(-46.376898, -23.5047235)"
199,OK,"R. Desembargador Octávio Gonzaga Júnior, 42 - Cidade Kemel","Rua Desembargador Octávio Gonzaga Júnior, 42 - Cidade Kemel, São Paulo - SP, 08130-340, Brazil",RANGE_INTERPOLATED,"c(-46.3670694, -23.5044913)"
200,OK,"Av. Souza Ramos, sn - Cidade Tiradentes","Av. Souza Ramos, 75 - Cidade Tiradentes, São Paulo - SP, 08490-490, Brazil",ROOFTOP,"c(-46.4098439, -23.5833885)"
201,OK,"R. Alba, 1050 - Jabaquara","R. Alba, 1050 - Parque Jabaquara, São Paulo - SP, 04350-015, Brazil",ROOFTOP,"c(-46.6588268, -23.6451128)"
202,OK,"R. Alba, 1050 - Jabaquara","R. Alba, 1050 - Parque Jabaquara, São Paulo - SP, 04350-015, Brazil",ROOFTOP,"c(-46.6588268, -23.6451128)"
203,OK,"Av. Yervant Kissajikian, 80 - Campo Grande","Av. Yervant Kissajikian, 80 - Vila Constança, São Paulo - SP, 04657-000, Brazil",ROOFTOP,"c(-46.6775139, -23.6657334)"
204,OK,"Av. Yervant Kissajikian, 825 - Vila Constância","Av. Yervant Kissajikian, 825 - Vila Constancia, São Paulo - SP, 04658-030, Brazil",ROOFTOP,"c(-46.6712228, -23.6692786)"
205,OK,"R. Engenheiro Vilares da Silva, 4310 - Itaquera","Rua Engenheiro Villares da Silva - Itaquera, São Paulo - SP, 08215, Brazil",GEOMETRIC_CENTER,"c(-46.4459375, -23.5382912)"
206,OK,"Av. Dona Belmira Marin, 800 - Grajaú","Av. Dona Belmira Marin, 800 - Parque Brasil, São Paulo - SP, 04841, Brazil",ROOFTOP,"c(-46.6930455, -23.737729)"
207,OK,"Av. Sapopemba, 14980","Av. Sapopemba, 14980 - Jardim Adutora, São Paulo - SP, Brazil",RANGE_INTERPOLATED,"c(-46.4879646, -23.61257)"
208,OK,"Estrada do Iguatemi, 2050 - Cidade Tiradentes","Estr. Iguatemi, 2050 - Jardim Pedra Branca, São Paulo - SP, 08485, Brazil",RANGE_INTERPOLATED,"c(-46.4158896, -23.5745645)"
209,OK,"Av. Ragueb Chofi, 6380 - Cidade Tiradentes","Av. Ragueb Chohfi, 6380 - Jardim Pedra Branca, São Paulo - SP, 08383, Brazil",RANGE_INTERPOLATED,"c(-46.4239155, -23.594259)"
210,OK,"Av. Escola Politécnica, 5415 - Butantã","Av. Escola Politécnica, 5415 - Rio Pequeno, São Paulo - SP, 05353-230, Brazil",RANGE_INTERPOLATED,"c(-46.7516585, -23.5638647)"
211,OK,"R. Ipequi , 168 - Vila Nova Curuça","R. Ipequi, 168 - Vila Curuçá Velha, São Paulo - SP, 08032-410, Brazil",ROOFTOP,"c(-46.4232409, -23.5185109)"
212,OK,"R. Cordão de São Francisco, 400 - Jardim Helena","Rua Cordão de São Francisco, 400 - Vila Aimore, São Paulo - SP, 08190-000, Brazil",RANGE_INTERPOLATED,"c(-46.4054288, -23.4939374)"
213,OK,"Praça Félix, 0 - Vila Silvia","R. Ribeira Do Pombal, 0 - Vila Silvia, São Paulo - SP, 03821-035, Brazil",GEOMETRIC_CENTER,"c(-46.50124, -23.495317)"
214,OK,"Av. Ipê Roxo, 778 - Itaim Paulista","Rua Ipê Roxo, 778 - Jardim dos Ipes, São Paulo - SP, 08160-330, Brazil",ROOFTOP,"c(-46.405607, -23.5060008)"
215,OK,"R. João Batista de Godoi, 1094 - Itaim Paulista","Rua João Batista de Godoy, 1094 - Jardim das Oliveiras, São Paulo - SP, 08111-430, Brazil",RANGE_INTERPOLATED,"c(-46.3713259, -23.4969266)"
216,OK,"R. José Alvares Moreira, sn - Jardim Romano","Estaçao Jardim Romano - Vila Itaim, São Paulo - SP, 08111-220, Brazil",GEOMETRIC_CENTER,"c(-46.3855852, -23.4849241)"
217,OK,"R. Paulo Tapajós, 140 - Jardim Camargo Velho","R. Florai, 322 - Itaim Paulista, São Paulo - SP, 08120-460, Brazil",ROOFTOP,"c(-46.3913633, -23.5034834)"
218,OK,"Av. Nordestina, 3108 - São Miguel","Av. Nordestina, 3108 - Vila Nova Curuca, São Paulo - SP, 08032-000, Brazil",ROOFTOP,"c(-46.4301984, -23.510711)"
219,OK,"Av. Deputado Dr. José Aristodemos Pinotti, 30 - São Miguel","Av. Dep. Dr. José A. Pinotti, 30 - Cidade Nova São Miguel, São Paulo - SP, 08042-550, Brazil",ROOFTOP,"c(-46.4327918, -23.5092719)"
220,OK,"Av. Nordestina, 7200 - São Miguel","Av. Nordestina, 7200 - Guaianases, São Paulo - SP, 08431-410, Brazil",ROOFTOP,"c(-46.4148796, -23.538539)"
221,OK,"Av. Nordestina, 7200 - São Miguel","Av. Nordestina, 7200 - Guaianases, São Paulo - SP, 08431-410, Brazil",ROOFTOP,"c(-46.4148796, -23.538539)"
222,OK,"Av. Dona Belmira Marin, 4026 - Grajaú","Av. Dona Belmira Marin, 4026 - Parque Brasil, São Paulo - SP, 04846-010, Brazil",ROOFTOP,"c(-46.67731, -23.75533)"
223,OK,"R. Peixoto de Melo Filho, 429 - Jardim Noterói","Rua Peixoto de Melo Filho, 429 - Jardim Niteroi, São Paulo - SP, 04432-170, Brazil",ROOFTOP,"c(-46.6636503, -23.6835396)"
224,OK,"R. Humberto de Almeida, sn - Rua Baltazar de Sá","R. Humberto de Almeida - Jardim Sao Luis, São Paulo - SP, 05831-000, Brazil",GEOMETRIC_CENTER,"c(-46.746258, -23.6715969)"
225,OK,"R. Humberto de Almeida, sn - Rua Baltazar de Sá","R. Humberto de Almeida - Jardim Sao Luis, São Paulo - SP, 05831-000, Brazil",GEOMETRIC_CENTER,"c(-46.746258, -23.6715969)"
226,OK,"Av. Raquel Alves Moreira, 834 - Chácara Santana","Av. Raquel Alves Moreira, 834 - Parque Santo Antônio, São Paulo - SP, 05821-130, Brazil",ROOFTOP,"c(-46.7489878, -23.6680958)"
227,OK,"Av. Teodoro Bernardo do Nascimento , sn - Jardim Robru","Av. Teodoro Bernardo do Nascimento, 75B - Jardim Robru, São Paulo - SP, 08150-000, Brazil",ROOFTOP,"c(-46.4085134, -23.5268879)"
228,OK,"R. Cataldo Parrilha, 271 - Jardim Ângela","R. Cataldo Parrilha, 271 - Jardim Boa Esperanca, São Paulo - SP, 04930-055, Brazil",ROOFTOP,"c(-46.7527287, -23.680111)"
229,OK,"R. Deocleciano Oliveira Filho, 10 - Capão Redondo","R. Deocleciano de Oliveira Filho, 10 - Parque Santo Antônio, São Paulo - SP, 05851-270, Brazil",ROOFTOP,"c(-46.753752, -23.664363)"
230,OK,Estrada de Itapecerica (Metrô Capão Redondo),"Estr. de Itapecerica, nº 3.928 - sala 08 - Capão Redondo, São Paulo - SP, 05835-004, Brazil",ROOFTOP,"c(-46.7367762, -23.6433472)"
231,OK,"R. Augustinho Rubim, 886 - Jardim Campo de Fora","Av. Agostinho Rubin, 886 - Jardim Germania, São Paulo - SP, 05848-000, Brazil",ROOFTOP,"c(-46.7581051, -23.6603923)"
232,OK,R. Paulo da Fonseca. 772 - Jardim Figueira Grande,"Rua Paulo da Fonseca, 772 - Parque santa margarida, São Paulo - SP, 04915-100, Brazil",ROOFTOP,"c(-46.7505667, -23.6819677)"
233,OK,"R. Ushikichi Kamiya, 1121 - Tremembé","R. Ushikichi Kamiya, 1121 - Parque Casa de Pedra, São Paulo - SP, 02323-000, Brazil",ROOFTOP,"c(-46.5865724, -23.4386369)"
234,OK,Av. Barreira Grande x Rua Manoel Ferreira Pires,"Av. da Barreira Grande, São Paulo - SP, Brazil",GEOMETRIC_CENTER,"c(-46.5158295, -23.5871886)"
235,OK,"Av. Cipriano Rodrigues, 147 - Vila Antonieta","Av. Cipriano Rodrigues, 147 - Vila Formosa, São Paulo - SP, 03361-010, Brazil",ROOFTOP,"c(-46.521212, -23.5763451)"
236,OK,Av. Escola Politécnica x Rua jorge Ward - Butantã,"Av. Escola Politécnica - Rio Pequeno, São Paulo - SP, 05379-150, Brazil",GEOMETRIC_CENTER,"c(-46.7531452, -23.5639436)"
237,OK,Praça João da Cunha Marques - Campo Belo,"Praça João da Cunha Marques - Vila Congonhas, São Paulo - State of São Paulo, 04633, Brazil",APPROXIMATE,"c(-46.6685685, -23.6336713)"
238,OK,"R. Afonso Asturaro, 355 - Barro Branco","R. Alfonso Asturaro, 355 - Conj. Hab. Barro Branco II, São Paulo - SP, 08473-591, Brazil",ROOFTOP,"c(-46.3941144, -23.5854655)"
239,OK,"R. Palmas de São Moisés, 320 - Jardim Antártica","Rua Palmas de São Moisés, 320 - Jardim Antartica, São Paulo - SP, 02652-120, Brazil",ROOFTOP,"c(-46.6550642, -23.4565274)"
240,OK,"Av. Engenheiro Heitor Ântonio Heira Garcia, sn - Jd. Paulo VI","Av. Eng. Heitor Antônio Eiras García, 7438 - Jardim Paulo VI, São Paulo - SP, 05564-200, Brazil",ROOFTOP,"c(-46.7891671, -23.6031203)"
241,OK,Av. José Pineiro Borges x Rua Rio Bom,"Av. José Pinheiro Borges, s/n - Itaquera, São Paulo - SP, 08220-900, Brazil",ROOFTOP,"c(-46.4706432, -23.5405621)"
242,OK,"Avenida Professor Almeida Prado, 634 - Butantã","Av. Prof. Almeida Prado, 634 - Butantã, São Paulo - SP, 05508-280, Brazil",RANGE_INTERPOLATED,"c(-46.7342929, -23.5567654)"
243,OK,"Av. Corifeu de Azevedo Marques, 3539 - Rio Pequeno","Av. Corifeu de Azevedo Marques, 3539 - Vila Lageado, São Paulo - SP, 05339-001, Brazil",RANGE_INTERPOLATED,"c(-46.7437746, -23.5665004)"
244,OK,"Av. Guarapiranga, 4.884 - Guarapiranga","Av. Guarapiranga, 2616 - Jardim das Flores, São Paulo - SP, 04904-904, Brazil",ROOFTOP,"c(-46.7347188, -23.6747542)"
245,OK,"Rua Joaquim Meira de Siqueira, 480 - Pq do Carmo","R. Joaquim Meira de Siqueira, 480 - Jardim Nossa Sra. do Carmo, São Paulo - SP, 08275-490, Brazil",ROOFTOP,"c(-46.4851245, -23.575145)"
246,OK,"Rua Joaquim Meira de Siqueira, 480 - Pq do Carmo","R. Joaquim Meira de Siqueira, 480 - Jardim Nossa Sra. do Carmo, São Paulo - SP, 08275-490, Brazil",ROOFTOP,"c(-46.4851245, -23.575145)"
247,OK,"Av. Estéfano, 1.563 - Saúde","Av. Miguel Estéfno - Vila da Saúde, São Paulo - SP, Brazil",GEOMETRIC_CENTER,"c(-46.6343169, -23.6211807)"
248,OK,"Av. Deputado Cantídio Sampaio, 2.775 - Brasilândia","Av. Deputado Cantidio Sampaio, 1457 - Parque Belem, São Paulo - SP, 02860-001, Brazil",ROOFTOP,"c(-46.679657, -23.465473)"
249,OK,"Rua Frei Lourenço de Alcântara,52- Vila Missionária","R. Frei Lourenço de Alcântara, 52 - Vila Missionaria, São Paulo - SP, 04430-240, Brazil",ROOFTOP,"c(-46.6494444, -23.6903545)"
250,OK,"Estrada do M Boi Mirim, 1.585 - Jardim das flores","Estrada do M'Boi Mirim, 4766 - Jardim Angela, São Paulo - SP, 04948-030, Brazil",ROOFTOP,"c(-46.772241, -23.687893)"
251,OK,"Rua Conselheiro Olegário,338 - Vila Anastácio","R. Conselheiro Olegário, 338 - Vila Anastácio, São Paulo - SP, 05093-040, Brazil",ROOFTOP,"c(-46.7236943, -23.5154645)"
252,OK,"Estrada do Alvarenga, 777 - Pedreira","Estr. do Alvarenga, 777 - Jardim Pedreira, São Paulo - SP, 04462-000, Brazil",ROOFTOP,"c(-46.6663233, -23.6948221)"
253,OK,"Av. Antonelo da Messina, 338 - Jardim Guapira","Av. Antonelo da Messina, 338 - Sítio do Piqueri, São Paulo - SP, 02325, Brazil",ROOFTOP,"c(-46.5895343, -23.4537881)"
254,OK,"Avenida Celso Garcia,2.101 - Belém","Av. Celso Garcia, São Paulo - SP, Brazil",GEOMETRIC_CENTER,"c(-46.5826883, -23.5351919)"
255,OK,"Avenida Deputado Cantídio Sampaio, 2.476- Vila Souza","Av. Deputado Cantidio Sampaio, 1159 - Vila Souza, São Paulo - SP, 02986-000, Brazil",ROOFTOP,"c(-46.6779798, -23.4673831)"
256,OK,"Estrada do Iguatemi,6.380- Cidade Tiradentes","Estr. Iguatemi - Cidade Tiradentes, São Paulo - SP, Brazil",GEOMETRIC_CENTER,"c(-46.4153909, -23.5808542)"
257,OK,"Avenida Luis Pires de Minas,346- Jardim Imperadore","Av. Luís Pires de Minas, 346 - Jardim Quarto Centenario, São Paulo - SP, 03933-070, Brazil",ROOFTOP,"c(-46.5015791, -23.5914971)"
258,OK,"Estrada do Iguatemi, 6.380 - Cidade Tiradentes","Estr. Iguatemi - Cidade Tiradentes, São Paulo - SP, Brazil",GEOMETRIC_CENTER,"c(-46.4153909, -23.5808542)"
259,OK,Praça herculana Ribeiro da Silva - Cidade Ademar,"Praça Herculana Ribeira da Silva - Cidade Ademar, São Paulo - SP, 04423, Brazil",GEOMETRIC_CENTER,"c(-46.6355684, -23.6898057)"
260,OK,"Av. Deputado Cantídio Sampaio, 2.478 - Vila Souza","Av. Deputado Cantidio Sampaio, São Paulo - SP, 02675-031, Brazil",GEOMETRIC_CENTER,"c(-46.6955683, -23.454969)"
261,OK,Av. Miguel Achião da Fonseca X R.Fernão Carrilho - Guaianazes,"R. Fernão Carrilho - Jardins Recanto das Rosas, São Paulo - SP, 08461-290, Brazil",GEOMETRIC_CENTER,"c(-46.4104977, -23.5602777)"
262,OK,Rua José Alves Coelho (TP) - Itaim Paulista,"R. José Alves Coelho - Itaim Paulista, São Paulo - SP, 08142, Brazil",GEOMETRIC_CENTER,"c(-46.3862434, -23.5139911)"
263,OK,"Av. Raposo Tavares, Km 15 - Jd. Olympia","Rodovia Raposo Tavares, SP-270, KM 14.5 - Jardim Boa Vista (Zona Oeste), São Paulo - SP, 05577-200, Brazil",GEOMETRIC_CENTER,"c(-46.751225, -23.588003)"
264,OK,"Av. Raposo Tavares, Km 15 - Jd. Olympia","Rodovia Raposo Tavares, SP-270, KM 14.5 - Jardim Boa Vista (Zona Oeste), São Paulo - SP, 05577-200, Brazil",GEOMETRIC_CENTER,"c(-46.751225, -23.588003)"
265,OK,Av. Prof. José Maria Alckimim X R. José de Martini - Jd. Esmeralda,"Av. Professor José Maria Alkmin - Jardim Esmeralda, São Paulo - SP, 05576-100, Brazil",GEOMETRIC_CENTER,"c(-46.7556624, -23.5765025)"
266,OK,"Rua Vagalume, 12 - Jardim Ângela","R. Vagalume, 12 - Cidade Ipava, São Paulo - SP, 04951-040, Brazil",RANGE_INTERPOLATED,"c(-46.763553, -23.7276106)"
267,OK,"Avenida Maria Antonio Martins,40-Jardim Peri","Av. Maria Antônia Martins, 40 - Jardim Peri, São Paulo - SP, 02650-030, Brazil",ROOFTOP,"c(-46.6555041, -23.4638345)"
268,OK,"Av. Angelo Cristianini, 1.334 - Jardim Luso","Av. Ângelo Cristianini - Jardim Luso, São Paulo - SP, Brazil",GEOMETRIC_CENTER,"c(-46.6404207, -23.6876121)"
269,OK,Rua Patricio Teixeira X Av. Naylor de Oliveira - Barro Branco,"R. Patrício Teixeira - Cidade Tiradentes, São Paulo - SP, 08473-578, Brazil",GEOMETRIC_CENTER,"c(-46.3925928, -23.5884801)"
270,OK,Rua Petia X Rua Alexandre Orlov - Jd. Donária,"R. Petia - Jaragua, São Paulo - SP, 02675-031, Brazil",GEOMETRIC_CENTER,"c(-46.7308386, -23.4334264)"
271,OK,"Avenida Governador Carvalho Pinto, 647- Cangaíba","Av. Governador Carvalho Pinto, 647 - Vila Sao Geraldo, São Paulo - SP, 03601-000, Brazil",RANGE_INTERPOLATED,"c(-46.5452715, -23.5138307)"
272,OK,"Avenida Yervant Kissajikian,3708- Cidade Ademar","Av. Yervant Kissajikian, 3708 - Americanópolis, São Paulo - SP, 04430, Brazil",RANGE_INTERPOLATED,"c(-46.6479706, -23.68507)"
273,OK,"Rodovia Raposo Tavares, Km14,5 - Raposo Tavares","SP-270, 5 - 14 - Caucaia do Alto, Vargem Grande Paulista - SP, 06709-015, Brazil",ROOFTOP,"c(-46.9875478, -23.6124033)"
274,OK,"Estrada de Taipas, 2.635 - Jd Rincão","Estr. das Taipas, 2635 - Jardim Rincão, São Paulo - SP, 02991-000, Brazil",ROOFTOP,"c(-46.7285641, -23.4373085)"
275,OK,Rua Friedrich Von Voith X Rua James Petersen - Parada de Taipas,"R. James Petersen - Parque Nações Unidas, São Paulo - SP, 02996-180, Brazil",GEOMETRIC_CENTER,"c(-46.739935, -23.436901)"
276,OK,"Av Raimundo Pereira de Magalhães, 10.534 - Pirituba","Av. Raimundo Pereira de Magalhães, 1465 - Jardim Iris, São Paulo - SP, 05145-000, Brazil",ROOFTOP,"c(-46.7184784, -23.5065372)"
277,OK,"Av. Deputado Cantidio Sampaio, 3011 - Brasilandia","Av. Deputado Cantidio Sampaio, 3011 - Vila Souza, São Paulo - SP, 02860-001, Brazil",ROOFTOP,"c(-46.6900667, -23.4588205)"
278,OK,"Av. Sapopemba, 10212 - Jd. da Cachoeira","Av. Sapopemba, 10212 - Parque Santa Madalena, São Paulo - SP, 03989-000, Brazil",ROOFTOP,"c(-46.5061659, -23.6088934)"
279,OK,"Acesso a av. Washington Luis, altura nº 50/52 - Campo Belo","Av. Washington Luís - Campo Belo, São Paulo - SP, Brazil",GEOMETRIC_CENTER,"c(-46.6619015, -23.6254735)"
280,OK,"Av. Jacu Pêssego / Nova trabalhadores, 700 - Itaquera","Av. Jacu Pêssego, 700 - Vila Jacuí, São Paulo - SP, 08225, Brazil",RANGE_INTERPOLATED,"c(-46.4580008, -23.5266677)"
281,OK,Rua Granito nº 77 - Vila Califórnia,"R. Granito, 77 - Vila California, São Paulo - SP, 03215-060, Brazil",ROOFTOP,"c(-46.5542514, -23.6085249)"
282,OK,"Av. Raimundo Pereira de Magalhães, 10200 - Pirituba","Av. Raimundo Pereira de Magalhães, 10200 - Pirituba, São Paulo - SP, 02675-031, Brazil",RANGE_INTERPOLATED,"c(-46.7188855, -23.4516996)"
283,OK,"Rua Barra de Santa Rosa, 410 - Parque Cisper","R. Barra de Santa Rosa, 410 - Parque Cisper, São Paulo - SP, 03817-010, Brazil",RANGE_INTERPOLATED,"c(-46.493047, -23.4938251)"
284,OK,"Rua Barra de Santa Rosa, 410 - Parque Cisper","R. Barra de Santa Rosa, 410 - Parque Cisper, São Paulo - SP, 03817-010, Brazil",RANGE_INTERPOLATED,"c(-46.493047, -23.4938251)"
285,OK,"Rua Fernão Mendes Pinto, 1544 - Parque Boturussu","R. Fernão Mendes Pinto, 1544 - Parque Boturussu, São Paulo - SP, 03803-000, Brazil",ROOFTOP,"c(-46.4899243, -23.4939215)"
286,OK,"Rua Francisco Alves de Azevedo, 136 - Vila Clara","R. Francisco Alves de Azevedo, 136 - Jardim Vilas Boas, São Paulo - SP, 04416-000, Brazil",ROOFTOP,"c(-46.6400066, -23.6773857)"
287,OK,"Av. Ragueb Chohfi, 5555 - Jardim Três Maria","Av. Ragueb Chohfi, 5555 - Jardim Três Marias, São Paulo - SP, 08370-456, Brazil",ROOFTOP,"c(-46.4331773, -23.5950845)"
288,OK,"Rua João Teodoro, 808 - Bras","R. João Teodoro, 808 - Brás, São Paulo - SP, 03009-000, Brazil",ROOFTOP,"c(-46.6247962, -23.5344932)"
289,OK,"Av. Giovane Gronchi,3476 - Paraisopolis","Av. Giovanni Gronchi, 3476 - Morumbi, São Paulo - SP, 05651-002, Brazil",ROOFTOP,"c(-46.727823, -23.6111398)"
290,OK,"Av. Giovane Gronchi,3476 - Paraisopolis","Av. Giovanni Gronchi, 3476 - Morumbi, São Paulo - SP, 05651-002, Brazil",ROOFTOP,"c(-46.727823, -23.6111398)"
291,OK,"Rua Gaspar Guterres, 11 - Parque do Carmo","Rua Gaspar Guterres, 11 - Jardim Nossa Sra. do Carmo, São Paulo - SP, 08275-385, Brazil",ROOFTOP,"c(-46.4832268, -23.5755539)"
292,OK,"Rua Gaspar Guterres, 11 - Parque do Carmo","Rua Gaspar Guterres, 11 - Jardim Nossa Sra. do Carmo, São Paulo - SP, 08275-385, Brazil",ROOFTOP,"c(-46.4832268, -23.5755539)"
293,OK,"Rua Gaspar Guterres, 11 - Parque do Carmo","Rua Gaspar Guterres, 11 - Jardim Nossa Sra. do Carmo, São Paulo - SP, 08275-385, Brazil",ROOFTOP,"c(-46.4832268, -23.5755539)"
294,OK,"Rodovia Anhanguera, KM 22, Sentido Interior/Capital- Jaraguá","KM 23,2, s/n - Via Anhanguera - Vila Sulina, São Paulo - SP, 05276-000, Brazil",GEOMETRIC_CENTER,"c(-46.7857846, -23.4422833)"
295,OK,"Rua Ushikichi Kamya, 1383 Jardim Fontalis (Garagem Spencer)","R. Ushikichi Kamiya, 1383 - Parque Casa de Pedra, São Paulo - SP, 02323-000, Brazil",ROOFTOP,"c(-46.5823911, -23.4384848)"
296,OK,"Rua Ushikichi Kamya, 1383 Jardim Fontalis (Garagem Spencer)","R. Ushikichi Kamiya, 1383 - Parque Casa de Pedra, São Paulo - SP, 02323-000, Brazil",ROOFTOP,"c(-46.5823911, -23.4384848)"
297,OK,"Rua Ushikichi Kamya, 1383 Jardim Fontalis (Garagem Spencer)","R. Ushikichi Kamiya, 1383 - Parque Casa de Pedra, São Paulo - SP, 02323-000, Brazil",ROOFTOP,"c(-46.5823911, -23.4384848)"
298,OK,"Rua Ushikichi Kamya, 1383 Jardim Fontalis (Garagem Spencer)","R. Ushikichi Kamiya, 1383 - Parque Casa de Pedra, São Paulo - SP, 02323-000, Brazil",ROOFTOP,"c(-46.5823911, -23.4384848)"
299,OK,"Rua Ushikichi Kamya, 1383 Jardim Fontalis (Garagem Spencer)","R. Ushikichi Kamiya, 1383 - Parque Casa de Pedra, São Paulo - SP, 02323-000, Brazil",ROOFTOP,"c(-46.5823911, -23.4384848)"
300,OK,"Rua Ushikichi Kamya, 1383 Jardim Fontalis (Garagem Spencer)","R. Ushikichi Kamiya, 1383 - Parque Casa de Pedra, São Paulo - SP, 02323-000, Brazil",ROOFTOP,"c(-46.5823911, -23.4384848)"
301,OK,"Rua Antonio Bonici, 412 - Ermelino Matarazzo","R. Antônio Bonici, 412 - Jardim Matarazzo, São Paulo - SP, 03811-060, Brazil",ROOFTOP,"c(-46.4849651, -23.4905331)"
302,OK,"Estrada Dom João Nery, 4298 - Vila Lourdes / Itaim Paulista","Estrada Dom João Nery, 4298 - Vila Lourdes, São Paulo - SP, 08452-340, Brazil",ROOFTOP,"c(-46.396874, -23.5295073)"
303,OK,"Rua Basílio Salazar, 509 - Jd. Nazaré","R. Basílio Salazar, 509 - Jardim Nazareth, São Paulo - SP, 08142-460, Brazil",RANGE_INTERPOLATED,"c(-46.3964515, -23.5221441)"
304,OK,"Av. General Penha Brasil, 2.307 - Cachoeirinha","Av. General Penha Brasil - Cachoeirinha, São Paulo - SP, Brazil",GEOMETRIC_CENTER,"c(-46.6716793, -23.4603249)"
305,OK,"Rua Paulo Guilguer Reimberg, 5.400 Grajaú","Av. Paulo Guilguer Reimberg - Grajau, São Paulo - SP, Brazil",GEOMETRIC_CENTER,"c(-46.6792868, -23.7969792)"
306,OK,"Rua Simão Caetano Nunes, 98- Jardim Angela","R. Simão Caetano Nunes, 98 - Morro do índio, São Paulo - SP, 05873-370, Brazil",RANGE_INTERPOLATED,"c(-46.7813038, -23.689094)"
307,OK,"Rua Tolstoi, 295 - Vila Brasilina","R. Tolstói, 295 - Vila Brasilina, São Paulo - SP, 04161-070, Brazil",ROOFTOP,"c(-46.6158954, -23.628519)"
308,OK,"Rua Firminópolis, 298 - Jd. Dos Francos","R. Firminópolis, 298 - Jardim Vista Alegre, São Paulo - SP, 02675-031, Brazil",RANGE_INTERPOLATED,"c(-46.6841648, -23.450125)"
309,OK,"Rua Francisco da Cunha Menezes, 1.177 - Vila Aurora","Rua Francisco da Cunha Menezes - Jardim Santa Lucrecia, São Paulo - SP, 02675-031, Brazil",GEOMETRIC_CENTER,"c(-46.7463951, -23.4412841)"
310,OK,"Engenheiro Guaracy Torres, 391 - Grajau","Rua Engenheiro Guaracy Torres, 391 - Jardim Shangrilá (Zona Sul), São Paulo - SP, 04852-000, Brazil",RANGE_INTERPOLATED,"c(-46.6636759, -23.7582459)"
311,OK,"Rua Marcelo Pinheiro, 2 - Jd. Lídia","R. Marcelo Pinheiro, 2 - Jardim Lidia, São Paulo - SP, 05862-240, Brazil",ROOFTOP,"c(-46.7645286, -23.6673549)"
312,OK,Rua José Manoel Camisa Nova Jr - Jd. Letícia,"R. José Manoel Camisa Nova, 100 - Jardim Leticia, São Paulo - SP, 05822-015, Brazil",ROOFTOP,"c(-46.748319, -23.6628572)"
313,OK,Rua Romão Manzini Cerqueira - Jd São Luiz,"R. Romão Manzini Cerqueira - Jardim São Luís, São Paulo - SP, Brazil",GEOMETRIC_CENTER,"c(-46.7418306, -23.6584428)"
314,OK,"Rua Humberto Quintilio, sn° - Itaim Paulista","R. Humberto Quintílio, 23 - Itaim Paulista, São Paulo - SP, 08142-320, Brazil",ROOFTOP,"c(-46.3830472, -23.5194336)"
315,OK,"Rua Januário da Cunha Barbosa, 562 - Campo Limpo","R. Januário da Cunha Barbosa, 562 - Jardim Elizabeth, São Paulo - SP, 05793-280, Brazil",ROOFTOP,"c(-46.7775632, -23.638249)"
316,OK,"Rua Bavária, 27 - Jd. Marilia","Rua Bavária, 27 - Jardim Ipanema, São Paulo - SP, 03582-140, Brazil",ROOFTOP,"c(-46.4993611, -23.5597221)"
317,OK,"Cangaíba, 3.708 - Cangaíba","Av. Cangaíba - Cangaiba, São Paulo - SP, 03711-008, Brazil",GEOMETRIC_CENTER,"c(-46.5247035, -23.5065896)"
318,OK,"Cangaíba, 3.708 - Cangaíba","Av. Cangaíba - Cangaiba, São Paulo - SP, 03711-008, Brazil",GEOMETRIC_CENTER,"c(-46.5247035, -23.5065896)"
319,OK,"Cangaíba, 3.708 - Cangaíba","Av. Cangaíba - Cangaiba, São Paulo - SP, 03711-008, Brazil",GEOMETRIC_CENTER,"c(-46.5247035, -23.5065896)"
320,OK,"Cangaíba, 3.708 - Cangaíba","Av. Cangaíba - Cangaiba, São Paulo - SP, 03711-008, Brazil",GEOMETRIC_CENTER,"c(-46.5247035, -23.5065896)"
321,OK,"Cangaíba, 3.708 - Cangaíba","Av. Cangaíba - Cangaiba, São Paulo - SP, 03711-008, Brazil",GEOMETRIC_CENTER,"c(-46.5247035, -23.5065896)"
322,OK,"Av.Zaki Narchi, 501","Av. Zaki Narchi, 501 - Carandiru, São Paulo - SP, 02029-000, Brazil",RANGE_INTERPOLATED,"c(-46.6194479, -23.51027)"
323,OK,"Av. Elísio Teixeira Leite, 5955","Av. Elísio Teixeira Leite, 5955 - Jardim Paulistano (Zona Norte), São Paulo - SP, 02810-000, Brazil",ROOFTOP,"c(-46.7163743, -23.4504559)"
324,OK,"Rua Palácio do Catete, 78 - Jardim Rincão","R. Palácio do Catete, 78 - Jardim Rincão, São Paulo - SP, 02991-060, Brazil",RANGE_INTERPOLATED,"c(-46.7276007, -23.4358737)"
325,OK,"Estrada do M'Boi mirim, 9.977 - Jardim Angela","Terminal Jardim Angela - Estrada do M'Boi Mirim, 3630 - Parque do Lago, São Paulo - SP, 04939, Brazil",ROOFTOP,"c(-46.7739927, -23.6905823)"
326,OK,"Rua Florêncio do Amaral, 188 - Jardim Mitsutani","Jardim Mitsutani, São Paulo - SP, 05791-020, Brazil",APPROXIMATE,"c(-46.7801496, -23.645876)"
327,OK,"Rua Francisco José Viana, 690 - C. Tiradentes","R. Francisco José Viana, 690 - Cidade Tiradentes, São Paulo - SP, 08471-533, Brazil",RANGE_INTERPOLATED,"c(-46.3991623, -23.6084949)"
328,OK,"Rua Francisco José Viana, 690 - C. Tiradentes","R. Francisco José Viana, 690 - Cidade Tiradentes, São Paulo - SP, 08471-533, Brazil",RANGE_INTERPOLATED,"c(-46.3991623, -23.6084949)"
329,OK,"Travessa Sem Nome, 0 - Jardim São Nicolau","Jardim Sao Nicolau, São Paulo - SP, 03685-000, Brazil",APPROXIMATE,"c(-46.4795267, -23.5253209)"
330,OK,"Estrada de Taipas, 2.635 - Taipas","Estr. das Taipas, 4045 - Jardim Alvina, São Paulo - SP, 02991-270, Brazil",ROOFTOP,"c(-46.7201026, -23.4340612)"
331,OK,"Estrada do Iguatemi, 2.151 - Iguatemi","Estr. Iguatemi - Cidade Tiradentes, São Paulo - SP, Brazil",GEOMETRIC_CENTER,"c(-46.4156132, -23.5708149)"
332,OK,"Avenida Dona Belmira Marin, 4.223 - Grajaú","Av. Dona Belmira Marin, 477 - Parque Brasil, São Paulo - SP, 04846-010, Brazil",ROOFTOP,"c(-46.6950617, -23.735403)"
333,OK,"Garagem Rua Murta do Campo, 405 - Vila Alpina","Rua Murta do Campo, 405 - Vila Alpina, São Paulo - SP, 03210-010, Brazil",ROOFTOP,"c(-46.545749, -23.603301)"
334,OK,"Garagem Rua Murta do Campo, 405 - Vila Alpina","Rua Murta do Campo, 405 - Vila Alpina, São Paulo - SP, 03210-010, Brazil",ROOFTOP,"c(-46.545749, -23.603301)"
335,OK,"Garagem Rua Murta do Campo, 405 - Vila Alpina","Rua Murta do Campo, 405 - Vila Alpina, São Paulo - SP, 03210-010, Brazil",ROOFTOP,"c(-46.545749, -23.603301)"
336,OK,"Garagem Rua Murta do Campo, 405 - Vila Alpina","Rua Murta do Campo, 405 - Vila Alpina, São Paulo - SP, 03210-010, Brazil",ROOFTOP,"c(-46.545749, -23.603301)"
337,OK,"Garagem Rua Murta do Campo, 405 - Vila Alpina","Rua Murta do Campo, 405 - Vila Alpina, São Paulo - SP, 03210-010, Brazil",ROOFTOP,"c(-46.545749, -23.603301)"
338,OK,"Garagem Rua Murta do Campo, 405 - Vila Alpina","Rua Murta do Campo, 405 - Vila Alpina, São Paulo - SP, 03210-010, Brazil",ROOFTOP,"c(-46.545749, -23.603301)"
339,OK,"Garagem Rua Murta do Campo, 405 - Vila Alpina","Rua Murta do Campo, 405 - Vila Alpina, São Paulo - SP, 03210-010, Brazil",ROOFTOP,"c(-46.545749, -23.603301)"
340,OK,"Av. Antonello da Messina, 339 - Vila Zilda","Av. Antonelo da Messina, 339 - Sítio do Piqueri, São Paulo - SP, 02318-000, Brazil",ROOFTOP,"c(-46.5894183, -23.4538134)"
341,OK,"Av. Antonello da Messina, 200 - Tremembé","Av. Antonelo da Messina, 200 - Sítio do Piqueri, São Paulo - SP, 02318-000, Brazil",RANGE_INTERPOLATED,"c(-46.5895181, -23.4548815)"
342,OK,"Av. Elísio Teixeira Leite, 5017 - Jaraguá","Av. Elísio Teixeira Leite, 5017 - Brasilândia, São Paulo - SP, 02801-000, Brazil",ROOFTOP,"c(-46.7140711, -23.4566985)"
343,OK,"Estrada da Barragem, 384 - Parelheiros","Estr. da Barragem, 384 - Cipó do Meio, São Paulo - SP, 04895-020, Brazil",RANGE_INTERPOLATED,"c(-46.6525462, -23.8747022)"
